State,Education Budget,Unemployment Rate,Population Estimate,SNAPS household_participants,SNAPS individual_participants,SNAPS cost,SNAPS cost_per_person,SNAPS cost_per_household,Median Income,Year
Alabama,2908765139.0,3.9,4887681,360067.0,766680.5833,1084563290,251.0096,117.885175,49936,2018
Alaska,404828433.7,6.6,735139,40515.5,91995.0,187357117,385.3609833,169.7167583,74161,2018
Arizona,5080637675.0,4.8,7158024,387657.1667,845732.5,1210429898,260.2019667,119.2683917,67201,2018
Arkansas,1401643324.0,3.7,3009733,164761.3333,372451.1667,480472657,243.0144667,107.5023833,53712,2018
California,17516670303.0,4.2,39461588,1946002.75,3949534.917,6332717643,271.18485,133.6173667,76055,2018
Colorado,2863430831.0,3.3,5691287,221726.4167,449823.8333,668610833,251.289725,123.8653083,78801,2018
Connecticut,1854947718.0,4.1,3571520,223244.4167,387328.8333,614967955,229.55705,132.3096167,78561,2018
Delaware,476592589.9,3.8,965479,68554.1667,140297.5,196899033,239.347275,116.9532833,70145,2018
Florida,8940269535.0,3.6,21244317,1747853.083,3347518.333,5763762595,274.8020167,143.483475,58959,2018
Georgia,5220842709.0,3.9,10511131,721490.5833,1556452.417,2336788286,269.9028417,125.11295,60229,2018
Hawaii,457308984.2,2.4,1420593,83818.5833,163617.5,469433045,466.7153583,239.0906833,86433,2018
Idaho,700226624.7,2.8,1750536,70062.0833,157858.1667,199514037,237.3062417,105.3234667,58728,2018
Illinois,7196027858.0,4.3,12723071,920271.4167,1826010.917,2777948512,251.5515583,126.7767417,75684,2018
Indiana,3141193144.0,3.4,6695497,275367.9167,617032.4167,867533147,262.5375917,117.1647167,64621,2018
Iowa,2197721443.0,2.5,3148618,165116.0,345406.0833,446259982,225.2254917,107.6655417,74144,2018
Kansas,1497102093.0,3.4,2911359,101445.8333,217419.5833,293539988,241.1303167,112.509025,68987,2018
Kentucky,2270204083.0,4.3,4461153,285763.3333,615305.3333,853986982,249.0367833,115.658975,58863,2018
Louisiana,2489362542.0,4.9,4659690,403387.9167,867341.5833,1297321641,268.0053917,124.6454,49973,2018
Maine,700237650.3,3.4,1339057,89089.0833,167857.6667,218217647,204.119325,108.3346667,58663,2018
Maryland,2625009128.0,3.9,6035802,343933.4167,646483.25,910098604,220.5123083,117.314025,93031,2018
Massachusetts,4227505004.0,3.3,6882635,451071.5833,770565.5,1159118509,214.1416417,125.3536667,93163,2018
Michigan,4934435871.0,4.1,9984072,684001.0833,1281861.5,1894038446,230.7548083,123.130725,65222,2018
Minnesota,3912815287.0,2.9,5606249,212453.25,428986.0,544420005,213.545025,105.7571417,77488,2018
Mississippi,1646055353.0,4.8,2981020,231847.3333,505308.3333,679722657,244.314025,112.0970167,46159,2018
Missouri,3305034872.0,3.2,6121623,342323.3333,736590.3333,1061334229,258.3654417,120.072875,66600,2018
Montana,494879413.4,3.7,1060665,56024.5833,115222.8333,158389738,235.5955917,114.5532083,57679,2018
Nebraska,1045790369.0,2.8,1925614,76451.1667,169811.0833,229206174,249.8394083,112.4809667,72911,2018
Nevada,849872620.4,4.6,3027341,228289.5,439940.6667,614241940,224.2189333,116.3493917,61864,2018
New Hampshire,1227902365.0,2.5,1353465,43489.25,86501.6667,101469828,194.4346917,97.75325,87769,2018
New Jersey,3503643365.0,4.1,8886025,379343.1667,760303.1667,1012654300,222.4578333,110.9923833,80033,2018
New Mexico,861734830.3,4.9,2092741,220341.25,456250.5833,638421821,241.451925,116.606575,52096,2018
New York,11583626064.0,4.1,19530351,1565541.25,2796620.167,4526970965,240.969425,134.8941083,72586,2018
North Carolina,4473198043.0,3.9,10381615,643153.4167,1344484.5,1919051873,248.6513833,118.94595,57583,2018
North Dakota,413089615.2,2.6,758080,25071.5833,52621.0,75391175,250.5864083,119.3933583,71756,2018
Ohio,5535034392.0,4.6,11676341,710023.5,1421365.583,2078237006,243.9164583,121.8450917,66500,2018
Oklahoma,1902550377.0,3.4,3940235,268710.5833,585064.0,832653493,258.225,118.5986333,58732,2018
Oregon,1953628193.0,4.2,4181886,365382.3333,633970.0833,937798988,213.8853167,123.2706667,74626,2018
Pennsylvania,7689615661.0,4.3,12800922,956434.5,1818588.833,2592183684,225.8547833,118.781825,69619,2018
Rhode Island,777178357.8,4.1,1058287,94204.8333,158986.1667,259191919,229.28045,135.8566417,67183,2018
South Carolina,2329416175.0,3.4,5084156,307859.1667,658119.0833,943922431,255.5071,119.52275,61980,2018
South Dakota,575016768.3,3.0,878698,39968.3333,87409.8333,131112641,273.36775,124.9979917,64158,2018
Tennessee,3117050293.0,3.5,6771631,471342.0833,970875.0,1424890904,251.920875,122.3029833,56060,2018
Texas,11724170200.0,3.9,28628666,1636052.25,3895206.833,5525177455,281.4283333,118.204625,64506,2018
Utah,1823315647.0,3.1,3153550,77795.0833,189092.6667,258536027,276.9412667,113.9370917,83152,2018
Vermont,458488633.2,2.7,624358,40933.5833,73057.5833,106782062,217.3888667,121.80125,75599,2018
Virginia,4526294721.0,3.0,8501286,352312.6667,736220.9167,1051800978,248.784925,119.05405,83243,2018
Washington,2501109120.0,4.5,7523869,501867.9167,877243.9167,1268734555,210.6687333,120.5227833,79726,2018
West Virginia,1161520349.0,5.3,1804291,165378.4167,321008.8333,440298715,221.8642583,114.300775,54566,2018
Wisconsin,2461654557.0,3.0,5807406,329203.0,652884.5833,816882114,206.782775,104.2657667,67574,2018
Wyoming,235790083.1,4.1,577601,12988.8333,29330.1667,40676283,260.9695667,115.5701,67477,2018
